id;userId;userName;text;creationDate;retweetCount;favoriteCount;textHash;assertion;topic;rumor
377947866641485824;25073877;"realDonaldTrump";"realdonaldtrump i would like to extend my best wishes to all even the haters and losers on this special date september th";2013-09-12 00:00:00.0;6205;3877;-395921189;true;true;false
574140496404160513;20975688;"hrtbps";"when youre on a photoshoot but your nut is freaking out about them slags that smashed into the twin towers";2015-03-07 00:00:00.0;273;370;-817049109;false;false;false
613156919797092352;602813536;"itcanbeseen";"the original world trade center structural integrity grew less than also sways over political brew i am baited breath but truth";2015-06-23 00:00:00.0;1;0;158587953;true;false;false
638407910482055168;278802252;"KentMoran";"in theaters september th fightforwhoyouare";2015-08-31 00:00:00.0;17;153;-2116363488;false;false;false
747653656518987776;168778996;"TheGabbieShow";"me do you have this shoe in brown in a sales lady i have it in black in an me lady me lady you want them me im gud fam thx";2016-06-28 00:00:00.0;1627;7320;-374269193;false;false;false
767268233875521536;712355372774858752;"RathmoreHouse";"garden of ireland vintage car run th – th september wakeupinwicklow";2016-08-21 00:00:00.0;6;7;1077738018;false;false;false
770446138306539520;1088207396;"AaronCarpenter";"september th & th ill be in puerto rico with magcon come turn up with us";2016-08-30 00:00:00.0;3159;10435;-1903904923;false;false;false
770809991901114368;3809379317;"Mzsmurfqueen";"mohammed atta granted florida drivers license but was here on expired visa flew plane on in world trade center";2016-08-31 00:00:00.0;429;303;-652786114;true;true;true
773687173786861568;779334344;"cryzquad";"";2016-09-08 00:00:00.0;125;68;0;false;false;false
773770617019518976;65659343;"ajaydevgn";"reviving up for shivaay title track releasing on th september days to go boloharharhar";2016-09-08 00:00:00.0;1510;5759;-241536489;false;false;false
773965737090318337;762816309713186816;"TaskTOfficial";"we are task teamtage now delayed to the th of september";2016-09-08 00:00:00.0;4;13;2091901859;false;false;false
774252843817701376;82613482;"derasachasauda";"";2016-09-09 00:00:00.0;3166;2712;0;false;false;false
774360955471990786;700747161290452992;"RealBiZI1";"americans clueless about september th attack fifteen year anniversary";2016-09-09 00:00:00.0;45;21;1988252639;false;false;false
774644735038423041;185314895;"victoriabeckham";"victoria beckham spring summer tomorrow sunday th september x vb vbss nyfw";2016-09-10 00:00:00.0;215;1025;-306368044;false;false;false
774979365952258048;3398881851;"CrimesofUS";"th september chilean coup detat us backs overthrowing of democratically elected allende neverforget";2016-09-11 00:00:00.0;320;183;1647288886;false;false;false
774981041358565376;211181482;"Arianna8927";"this is trump on bragging his building is now the tallest with the world trade center destroyed";2016-09-11 00:00:00.0;322;224;1388497889;true;true;true
775004867664371713;144380789;"greysonchance";"thinking of our country and the victims of the september th attacks today neverforget";2016-09-11 00:00:00.0;1045;2536;-2112227652;true;true;false
775054150610460672;3177224089;"chooses";"neverforget the innocent lives we lost on september th";2016-09-11 00:00:00.0;890;1319;-176810235;true;true;false
775090527373066240;1556691283;"BurkesPeerage";"burkes peerage remembers the victims of the terrorist attacks of september th neverforget";2016-09-11 00:00:00.0;3;8;-508231723;true;true;false
775131550887194624;17629860;"FBI";"fbi sept artifactofthemonth is this flag recovered on from the world trade center";2016-09-12 00:00:00.0;517;959;465383063;true;true;false
775132702437675008;189365156;"911_Memorial";"thank you all for joining us today as we honored those who perished year ago on september neverforget";2016-09-12 00:00:00.0;12;21;168807199;true;true;false
775215218364452864;3057422607;"DailyMadisonB";"new photos madison beer jack gilinsky and chantel jeffries at the new york fashion week september th";2016-09-12 00:00:00.0;35;51;-122122647;false;false;false
776086501016821761;1448988350;"WJMJRadio";"on the th anniversary of the september th attacks east catholic high school of manchester ct uploaded a";2016-09-14 00:00:00.0;1;3;743691525;false;false;false
778758962179170304;1641150530;"Picswithastory";"man falling from the world trade center on";2016-09-22 00:00:00.0;770;1776;-1762063334;true;true;false
779234884917264384;20646711;"UNESCO";"read abt our convention on the protection of underwater cultural heritage";2016-09-23 00:00:00.0;58;81;1924644682;true;false;false
780153685158535168;744653724509962244;"earth";"";2016-09-25 00:00:00.0;365;571;0;false;false;false
781894112320552960;983116326;"HistiPics";"donald trump al sharpton and jesse jackson at the world trade center in";2016-09-30 00:00:00.0;21;13;1013425160;false;false;false
783480929654304768;465145766;"dave1oakns";"";2016-10-05 00:00:00.0;0;0;0;false;false;false
783480976328519680;1682201647;"dylanggee";"renewal of conditioned fear in a novel context is associated with hippocampal activation and connectivity";2016-10-05 00:00:00.0;1;0;1879441716;false;false;false
783481113348104192;1253415595;"bbardo18";"";2016-10-05 00:00:00.0;25;0;0;false;false;false
783481180700217344;241561541;"BalanceInNature";"we shouldnt act bc of tragedy says the party that rushed to invade the wrong country after and still defend that";2016-10-05 00:00:00.0;4;0;2093493372;false;false;false
783482006143275009;3234382374;"AngelAvitia99";"the usa nike zoom kd is available in sizes under for + free shipping % off";2016-10-05 00:00:00.0;13;0;955653933;false;false;false
783482292383559680;144254072;"13Clarity";"new scripture translated by of bee royalty™";2016-10-05 00:00:00.0;1;0;-1742529669;false;false;false
783482846870540288;2900405762;"sone9_ss";"";2016-10-05 00:00:00.0;446;0;0;false;false;false
783483031084470272;36106531;"jrsmits";"kaine was the only one who didnt vote for the families to sue saudi a gutless moral";2016-10-05 00:00:00.0;39;0;1392158006;false;false;false
783483385737981954;500392632;"NY_Knicks_Fans1";"athletic shoes jordan melo pe edition size ds with box brand new bnib dead stock carmelo good price";2016-10-05 00:00:00.0;0;0;1529069676;false;false;false
783483405455339521;500392632;"NY_Knicks_Fans1";"best shoes jordan melo pe edition size ds with box brand new bnib dead stock";2016-10-05 00:00:00.0;0;0;1432940207;false;false;false
783483411620966405;62879222;"johndaviddean";"";2016-10-05 00:00:00.0;122;0;0;false;false;false
783483526163394560;22642788;"pewresearch";"years after theres a sharp partisan divide on ability of terrorists to strike us";2016-10-05 00:00:00.0;17;4;712622575;false;false;false
783483540994347008;744209880337289218;"OrangeSquashBOT";"";2016-10-05 00:00:00.0;0;0;0;false;false;false
783483606685528064;291512021;"meyer_lucas";"first reference minutes in im shocked vpdebate";2016-10-05 00:00:00.0;0;0;-141170703;false;false;false
783483649450713088;184301835;"former_teen";"hillary saved new york from hillary shot down flight";2016-10-05 00:00:00.0;0;0;-12136360;true;true;true
783483654173491200;376409881;"JohnCelock";"kaine says that clinton can fight terrorists notes she was senator from new york on and secstate that took out bin laden vpdebate";2016-10-05 00:00:00.0;1;0;564976484;false;false;false
783483655159185409;19365232;"adam807";"that thing where you see a revival of a show thats deeply tied to early dates w yr bf and and working in b yr dreams were crushed";2016-10-05 00:00:00.0;0;2;-1762005141;false;false;false
783483656463671296;533873293;"BirchElizabeth";"vpdebate hillary clinton was there at";2016-10-05 00:00:00.0;0;0;-1505643633;false;false;false
783483659575816192;174274321;"bigbluejb";"i dont remember seeing hillary at the site vpdebate";2016-10-05 00:00:00.0;0;0;-655403849;false;false;false
783483662646009856;83017872;"rolandsghost";"";2016-10-05 00:00:00.0;0;0;0;false;false;false
783483682275282944;2991696062;"richarddoomed";"";2016-10-05 00:00:00.0;0;0;0;false;false;false
783483734121123841;1572511664;"SonOfJorEl810";"";2016-10-05 00:00:00.0;0;0;0;false;false;false
783483741935067136;2612720029;"sjh78727";"where the fuck was chump on i dont recall him helping anyone";2016-10-05 00:00:00.0;0;0;-355961056;false;false;false
783483743948288000;179398887;"sarahsside";"to beat terrorism was in ny during been there done it part of osama dead team trump has secret plan";2016-10-05 00:00:00.0;0;0;-45135956;true;true;true
783483769399353344;373952660;"PTDVLR";"heres the disgusting audio of trump on bragging about how his building is now the tallest in lower manhattan";2016-10-05 00:00:00.0;23917;0;-1694695419;false;false;false
783483773853794304;24842583;"Gluonsrule";"please sen kainemention how trump benefited from";2016-10-05 00:00:00.0;0;0;-686198288;false;false;false
783483774675845120;1051167906;"AdamHageb";"did kaine just say hillary can stop terrorism because she was a senator from new york on what";2016-10-05 00:00:00.0;199;0;887175976;false;false;false
783483791016796160;126134277;"chuckghunter";"hillary and bill clinton owns hillary and bill have blood on their hands it continued with hillary at state with benghazi & isis sup";2016-10-05 00:00:00.0;0;1;990479172;true;true;true
783483791436197888;304259002;"transporbation";"remember hillary clinton terrorism kaine throwing one into gunsgodglory vpdebate";2016-10-05 00:00:00.0;0;0;1578968563;true;true;true
783483798876921856;217240704;"TheSocyCinema";"trump claims to have also been near the world trade center on his fantasy was that muslims in nyc were celebrating vpdebate";2016-10-05 00:00:00.0;1;2;-584459687;true;true;true
783484238951649280;41823835;"writer6";"hillary clinton was at the world trade center when they were still looking for survivors neverforget vpdebate";2016-10-05 00:00:00.0;1;0;111859294;true;true;true
783486051100794880;714956261683363840;"LoffredoJohn";"garbage is just that garbage kaine is low on the pile of the world trade center in satan island do you really want to identify his remains";2016-10-05 00:00:00.0;0;0;1316074548;true;false;false
783490070179356673;948706080;"rachelhsowards";"from honored to be the project manager on this one";2016-10-05 00:00:00.0;1;3;-269297161;false;false;false
783490464137687041;541618984;"MNashid1";"iconic & world trade center during tonights lovely sunset in nyc newyork newyorkcity";2016-10-05 00:00:00.0;46;0;-1051176652;false;false;false
783492157533409280;363683222;"newsubscriber";"the imf is putting trade protectionism risks center stage in its latest world economic outlook";2016-10-05 00:00:00.0;35;0;-639723575;true;false;false
783494604247236608;27109083;"marlenepeaceyo";"";2016-10-05 00:00:00.0;0;4;0;false;false;false
783495565887746048;4884913213;"RitzyBacon2";"what about the trillion missing in september";2016-10-05 00:00:00.0;1;0;-1681785867;false;false;false
783495846683901952;220240498;"Crossbearer1956";"mt fdny members who made the supreme sacrifice of duty september neverforget pjnet";2016-10-05 00:00:00.0;2;0;1950470307;false;false;false
783501695296811008;2955258720;"My_Los_Angeles_";"malibus pepperdine university waves of fags memorial one flag for each victim of the september";2016-10-05 00:00:00.0;0;1;-1105962218;false;false;false
783508841069682688;4725886702;"_KristaCoaches_";"mit football on september";2016-10-05 00:00:00.0;0;0;-2083970597;false;false;false
783539713282023424;44851731;"HallingWeather";"";2016-10-05 00:00:00.0;0;0;0;false;false;false
783539716889145344;380579289;"freakbul_bran";"in the shadow of painted a boxing masterpiece the podcast presents still standing";2016-10-05 00:00:00.0;28;0;610382393;true;false;false
783539723780362241;3064748201;"EGSFWeather";"wind kts ne barometer hpa falling slowly temperature °c rain today in humidity %";2016-10-05 00:00:00.0;0;0;-1441248827;true;false;false
783539730847830020;176569131;"Sophierzzz";"";2016-10-05 00:00:00.0;28620;0;0;true;true;true
783539818399760384;2575896908;"trig_trg";"announcement after congress overrides obama on the right for victims to sue saudi arabia";2016-10-05 00:00:00.0;178;0;953751650;true;true;false
783539850087727105;3377551879;"Smith11Vicki";"tim kain really wants you to know that he was there too liek right by duh pentuhgawn on wow stay classy tim";2016-10-05 00:00:00.0;1;0;282185215;true;false;false
783539860669865985;2373977790;"Onayuss";"i joined saw a little over months ago and i have days hours played rip";2016-10-05 00:00:00.0;1;0;1181208346;false;false;false
783539870912417793;2341462998;"gynarchyrules";"tim kaine proud to post a clip of himself dodging a question trying to link trumps taxes to and";2016-10-05 00:00:00.0;32;0;794936120;true;false;false
783539873567440897;239619702;"IMSEXI_andInoIT";"all i been doing is working everyday since i started this job erryday";2016-10-05 00:00:00.0;0;0;182213312;true;false;false
783539898947104768;3622539494;"patrickhufalar1";"";2016-10-05 00:00:00.0;49;0;0;false;false;false
783539906299695104;2934934229;"RetroPhotoPics";"twin towers under construction photos";2016-10-05 00:00:00.0;0;1;215683466;false;false;false
783541042712895488;4636259543;"stephu_mulinge";"";2016-10-05 00:00:00.0;0;1;0;false;false;false
783541182513250305;26499806;"AtiliaCLPT";"tq khazanah for having me lets bust stress together petronas twin towers";2016-10-05 00:00:00.0;0;2;-1687422981;false;false;false
783543799410745344;3336799889;"QuiTamSource";"abel danger clintons a pimps for jockey boy snuff sercos qui tam saudi visas twin towers zulu d";2016-10-05 00:00:00.0;0;0;-423413969;false;false;false
783544289502621697;3165598393;"softiesoo";"ksoos twin towers is a thing";2016-10-05 00:00:00.0;0;0;1480748844;false;false;false
783544538212233217;392793789;"ditamoxcit";"";2016-10-05 00:00:00.0;1;0;0;false;false;false
783546467654991873;2207694743;"MadPieNY";"twin towers under construction photos";2016-10-05 00:00:00.0;19;0;215683466;false;false;false
783549095449358336;14918721;"mayku";"norcal color silk lg twin towers beijing";2016-10-05 00:00:00.0;0;0;-882485722;false;false;false
783549264618262528;14918721;"mayku";"dont even have the space for this lg twin towers beijing";2016-10-05 00:00:00.0;0;0;-249014116;true;false;false
783549859789991937;260237440;"MyMindRacing";"them long legs i call em the twin towers";2016-10-05 00:00:00.0;0;0;-460943797;false;false;false
783551208049020928;758772962006863873;"MKUltraChild";"bones forensic evidence indicating the use of explosives on september th ats";2016-10-05 00:00:00.0;6;0;-1548830786;true;true;true
783559658241945600;58974969;"future_papi";"today we remember the lives that were lost years ago on september th neverforget";2016-10-05 00:00:00.0;24;0;1595562030;true;true;false
783562880373358593;547448289;"OKKinderhookRG";"memorial grove for those who perished on september congressionalcemetery neverforget";2016-10-05 00:00:00.0;0;0;932309273;false;false;false
783574006532218880;4632634769;"CyberSplicing13";"tim kaine mayor of richmond from july  – september the insane bastard left office the day before";2016-10-05 00:00:00.0;1;0;1548808352;true;false;false
783574593105571840;124814437;"PTSantilli";"bones forensic evidence indicating the use of explosives on september th";2016-10-05 00:00:00.0;0;0;45416510;true;true;true
783575078478962688;3166533419;"ardian_puka";"members of cia jawbreaker teams worked w afghan northern alliance & us special forces to strike the taliban after september";2016-10-05 00:00:00.0;64;0;-1226864639;true;false;false
783579894575984640;560466339;"World_Observer";"on september th donald rumsfield then us secretary of defense announced that trillion in pentagon";2016-10-05 00:00:00.0;0;0;-284729305;true;false;false
783582025458397184;1625358396;"_Area_51";"paranormal bones forensic evidence indicating the use of explosives on september th over bone";2016-10-05 00:00:00.0;0;0;-1979310809;true;true;true
783602921661489156;775982069675462657;"pengxuan4";"on the th anniversary of september th trending";2016-10-05 00:00:00.0;0;0;-1795401147;false;false;false
783617887248355332;16342263;"RCHains";">>from september to june more american women were killed by intimate partners than all of the";2016-10-05 00:00:00.0;0;1;1248452194;true;false;false
783623544974348288;760315758;"rconspiracy";"is jfk to everything is a rich mans trick misinfo";2016-10-05 00:00:00.0;0;1;-596252881;false;false;false
783623546631184384;760315758;"rconspiracy";"us probe of saudi ties to not honest exnational intelligence officer";2016-10-05 00:00:00.0;0;1;561817167;true;true;true
783623550028636160;2615042382;"nanotechexec";"true dc better freeze all neocon accts pandoras box bill will cause avalanche of lawsuits against us";2016-10-05 00:00:00.0;4;2;553287603;false;false;false
783623588729516032;3996336978;"divinegrace64";"";2016-10-05 00:00:00.0;266;0;0;false;false;false
783623590503526402;123892707;"TheMeganHanson";"my fitbit fitstatsenus for steps and miles traveled";2016-10-05 00:00:00.0;0;0;1086869967;false;false;false
783623598426628096;2983194483;"NCAAFNation247";"boston college will honor fallen hero welles crowther with bandana themed gear crowther saved over";2016-10-05 00:00:00.0;10;33;-855211004;false;false;false
783623641376231424;4631401346;"JSB_koudai";"";2016-10-05 00:00:00.0;66;0;0;false;false;false
783623644953980928;723157862751424514;"hmyql";"germany lowest oktoberfest since due to terrorism concerns and migrant sexual assaults";2016-10-05 00:00:00.0;331;0;1217544513;false;false;false
783623701610700800;360473383;"NWProgrammes";"swansea city v chelsea premier league official match programme th september back in stock";2016-10-05 00:00:00.0;1;0;-793102582;false;false;false
783943157461364736;2178858463;"theindianthakur";"good morning in malaysia heres an interesting view of the twin towers from my room all set to finish the film";2016-10-06 00:00:00.0;166;433;-8105041;true;false;false
784486180528201729;3700547356;"WembleyChampUK";"football league st division th september mancity chelseafc";2016-10-07 00:00:00.0;0;0;208849628;false;false;false
784585896947544064;2178858463;"theindianthakur";"shooting next to the exotic twin towers today one of the most beautiful places to visit malaysia onlocation s";2016-10-08 00:00:00.0;159;360;-1059879951;false;false;false
785168138501431296;90673628;"Area51_Book";"";2016-10-09 00:00:00.0;3;2;0;false;false;false
785170325839511559;2934934229;"RetroPhotoPics";"world trade center attack september photo by steve ludlum";2016-10-09 00:00:00.0;1;0;993413451;false;false;false
785177994709131268;292286987;"FilippDick";"world trade center attack september photo by steve ludlum";2016-10-09 00:00:00.0;1;0;993413451;false;false;false
785183519542808588;785180656703791105;"Pikamortar";"yay because i wiped everything i can now put in my real birth date september oh boi";2016-10-09 00:00:00.0;0;0;83570872;false;false;false
785245520575029248;1915974582;"M_K133";"destroyed the twin towers september september";2016-10-10 00:00:00.0;40;0;-52782162;false;false;false
785245540367732736;101140426;"keico_my_c";"medic carlos lillo who used this ambulance died providing care to other victims of the attacks";2016-10-10 00:00:00.0;1;0;-1960660241;true;true;false
785291222244003841;23723046;"GinaMontana_";"would they happen to have been emails before on or shortly after the th day of september in the year of our";2016-10-10 00:00:00.0;1;2;446291538;false;false;false
785291508484300803;19814764;"MissLadieTee";"would they happen to have been emails before on or shortly after the th day of september in the year of our lord";2016-10-10 00:00:00.0;1;0;-20710397;false;false;false
785291785979387904;53033432;"TamraVoigt";"i was working at the mall on september and didnt watch tv that morning before i had to be at work at am i";2016-10-10 00:00:00.0;1;0;-98555670;true;true;false
785293820225126402;559475458;"6JenniferLopez";"";2016-10-10 00:00:00.0;0;0;0;false;false;false
785294566765178880;20350525;"VariantEgo";"to be clear september we all cosigned that war based on false information and anger debatenight";2016-10-10 00:00:00.0;0;0;-589140048;true;false;false
785294851034247169;233241801;"The_WizFish";"this just in if donald trump was president on september th the world trade center would still be here debate";2016-10-10 00:00:00.0;2;2;-1443717168;true;true;false
785297467592015872;372439979;"townofbethany";"or maybe she was busy with that big thing that happened in september of debate";2016-10-10 00:00:00.0;0;2;-2029162414;false;false;false
785305653040390144;2449881541;"KHJosue";"this just in if donald trump was president on september th the world trade center would still be here debate";2016-10-10 00:00:00.0;2;0;-1443717168;true;true;false
785480026355556352;33612908;"akaworldwide";"";2016-10-10 00:00:00.0;56;229;0;false;false;false
785581420492255234;385473825;"Squawka";"netherlands have lost a world cup qualifier for the first time since september";2016-10-10 00:00:00.0;114;82;-143800729;true;false;false
786011730988113920;5956472;"hoax";"this episode of johnny bravo aired just months before the twin tower attacks on";2016-10-12 00:00:00.0;814;1214;-1656791967;true;true;false
786129293126406144;66643970;"davidicke";"since that horrendous day of september th the people of the world have been told the big lie";2016-10-12 00:00:00.0;42;63;1078520120;true;true;true
786166523270397952;2890464435;"latrobechurch";"hey mike always enjoy the way i heard it havent come across a new one since your september th story whats up";2016-10-12 00:00:00.0;0;0;260988649;false;false;false
786304988255428609;785873253352873984;"H253Nepaterson";"new ds white giveaway click link or ends th september";2016-10-12 00:00:00.0;1475;0;95176133;false;false;false
786363738416963584;55355654;"thinkprogress";"rudy giuliani attempts to gaslight america about hillary clinton and september";2016-10-13 00:00:00.0;145;116;1065884963;true;true;false
786431304258715648;634497921;"all4shooters";"the international exhibition army took place between september th and th in a moscow suburb";2016-10-13 00:00:00.0;0;0;150854846;true;false;false
786585643522686979;263971692;"MidnightCyphs";"this is actually dope";2016-10-13 00:00:00.0;0;1;1138180593;true;false;false
786621374890586112;25441295;"CarirodFL";"rudy giuliani apologizes for mistake about hillary clinton and decision";2016-10-13 00:00:00.0;52;0;264929942;true;true;false
786621386915577856;746231364148568064;"celadoncandy";"giuliani implying clinton didnt care about i was there i dont remember seeing hillary clinton dude";2016-10-13 00:00:00.0;3416;0;-1247316439;true;true;false
786621403550232581;756294362;"Andrea_E_Hdz";"i dont remember seeing hillary clinton on rudy giuliani just now look to your left rudy";2016-10-13 00:00:00.0;23141;0;-1455004221;true;true;false
786621404196331520;890968794;"Soorya06";"tomorrow & pradinath sir english regards surii";2016-10-13 00:00:00.0;0;0;-1196844410;false;false;false
786621408449265665;3385720647;"MarcAlfordEvans";"rudy giuliani falsely claims hillary clinton lied about being in nyc on";2016-10-13 00:00:00.0;0;0;-2080208789;true;true;false
786621484328325120;15910487;"momoftwingirls";"";2016-10-13 00:00:00.0;0;0;0;false;false;false
786621499415203840;1364716526;"zqzpi";"";2016-10-13 00:00:00.0;2671;0;0;false;false;false
786621500157669376;741623396853747712;"notwithtrump";"someone really needs to ask trump if he thinks was an inside job";2016-10-13 00:00:00.0;16;0;1454779614;true;true;true
786621500782706693;703140816827523074;"RickyKeaton1";"hillaryclinton aide huma abedin ties to muslim brotherhood & terrorists sharialaw";2016-10-13 00:00:00.0;5;0;-1556957279;true;true;true
786621514229555200;769259622427418624;"vaonlnews";"";2016-10-13 00:00:00.0;0;0;0;true;true;false
786621528259563520;9763482;"NYDailyNews";"how about oculus for a baby name woman gives birth inside world trade center transit hub";2016-10-13 00:00:00.0;10;10;-1548062279;false;false;false
786715578719428608;46877654;"alykatzz";"trump promised k to twin towers fund after howard & robin said so on the air nyc has no record of it";2016-10-14 00:00:00.0;467;530;459737576;true;true;false
786719427740008448;559675462;"GoogleFacts";"the elevator ride at the world trade center tour shows you the architectural history of new york";2016-10-14 00:00:00.0;382;879;-145261295;true;false;false
786763011574730752;2965607226;"joey_woods1";"to the trump lovers was there in new york on september th heres some prof";2016-10-14 00:00:00.0;0;0;-1484844848;true;true;true
786775299304415232;1548489476;"POLITICOMag";"trump in if asbestos hadnt been removed the world trade center would never have burned down";2016-10-14 00:00:00.0;99;101;42408832;true;true;true
786833925599559680;15012486;"CBSNews";"woman gives birth at the world trade centers transportation hub";2016-10-14 00:00:00.0;21;34;-990233044;true;false;false
786839628250841088;154508160;"skillzyboy";"a new favorite uk mondo podcast skillz project allout show th september by on soundcloud";2016-10-14 00:00:00.0;0;2;-306325227;false;false;false
786869315253465088;2281181600;"NonWhiteHat";"great show the american version was in all ways inferior except for the reveal of looking up to see the world trade center";2016-10-14 00:00:00.0;0;0;-929079333;true;false;false
786869327211266048;2364263372;"BibekCivilEngg";"the elevator ride at the world trade center tour shows you the architectural history of new york";2016-10-14 00:00:00.0;215;0;-145261295;true;false;false
786869341623054336;52965735;"42gears";"meet gears team at th gitex technology week oct dubai world trade center gitex";2016-10-14 00:00:00.0;0;0;2000484075;false;false;false
786870044319969280;82890695;"BLACKMR34";"";2016-10-14 00:00:00.0;0;0;0;false;false;false
786870388173135876;760060766305210368;"moshigian";"";2016-10-14 00:00:00.0;8;0;0;false;false;false
786871425353129984;132881225;"BeingHumanRahul";"vertoz is attending on th to th oct at dubai world trade center schedule a meeting";2016-10-14 00:00:00.0;0;0;-764365860;true;false;false
786872099784785920;1191696067;"SourdifJ";"trump in if asbestos hadnt been removed the world trade center would never have burned down";2016-10-14 00:00:00.0;99;0;42408832;true;true;true
786902087997263872;38421062;"scottmstringer";"if donald trump claimed to give to the twin towers fund our review of & shows that didnt happen";2016-10-14 00:00:00.0;46;43;-1455269480;true;true;true
786903538588868608;46213956;"JamilSmith";"there is no record of the trump says he gave to the twin towers fund shortly after the september attacks";2016-10-14 00:00:00.0;313;417;-537984751;true;true;true
786914383914004480;4272350907;"Huggiesll";"how about twin towers these poor muslims killed hundreds of inocent people & it showed you them dancing in the street";2016-10-14 00:00:00.0;0;0;1835552935;true;true;false
786914542836080646;2997314584;"occult_tweeter";"world trade center twin towers weeks before the attacks nyc before";2016-10-14 00:00:00.0;0;0;-609616628;true;true;false
786915554695098368;15450474;"Naturalnorm";"trump tower donation to twin towers fund = zero just one more window on this con mans cruel game";2016-10-14 00:00:00.0;1;1;-954060442;true;true;false
786915576618844161;169536421;"BumpItMcCarthy";"our nyc comptroller everybody im sure the only twin towers dt ever donated to were those of ignorance & fear";2016-10-14 00:00:00.0;1;2;1413351171;false;false;false
786915675306680320;523932972;"__RitzCracker";"";2016-10-14 00:00:00.0;0;0;0;false;false;false
786916500548513792;84048439;"listerdance";"yeahwatch out d trump with your ego bigger than the twin towersthe same fate could in store";2016-10-14 00:00:00.0;0;1;738399536;false;false;false
786920742617219073;61083422;"theSundaily";"rafidah twin towers not mahathirs legacy thesundaily";2016-10-14 00:00:00.0;2;2;-865230896;false;false;false
786921663162150913;2881778455;"Malaysia_Latest";"thesundaily rafidah twin towers not mahathirs legacy thesundaily";2016-10-14 00:00:00.0;0;0;1726585842;false;false;false
786921935309508608;2500356845;"Its_Mitsuuu";"poor twin towers so many hints in movies and still couldnt be saved";2016-10-14 00:00:00.0;0;1;714035731;false;false;false
786922487720218624;126222430;"uandaii";"";2016-10-14 00:00:00.0;0;0;0;false;false;false
786922967376596992;433810987;"DerWouter";"but trump somehow managed to get backstage at twin towers fund stand up for ny celeb fundraiser";2016-10-14 00:00:00.0;308;386;499678053;true;true;false
786925093721079808;272323024;"Craig18578";"twin towers fund theyare unable to conclude definitively that trump never gave to either of these two funds";2016-10-14 00:00:00.0;0;0;61307442;true;true;true
786925358331273216;770671199055646720;"CmoBots";"i was in the twin towers made rumors of the song i wish a symbol";2016-10-14 00:00:00.0;0;0;-593367011;false;false;false
786925919109656576;17066291;"scheidja";"easy to see howwhy giuliani started the fund";2016-10-14 00:00:00.0;0;1;1637776915;true;false;false
786926388729159680;120737021;"Ra_Bies";"so we should not boycott pakistani artists because govt granted them visa remember terrorists who blew up twin towers on had us visas";2016-10-14 00:00:00.0;494;381;1200316689;true;true;true
787019047523094528;741598393051533316;"Fred_Bot_";"still waiting for my new game coming out of a middle of the september th victims never";2016-10-14 00:00:00.0;0;0;1930862522;true;true;false
787083382668886016;108734382;"SabastianLaputa";"announcement new streaming live show when september th am gmt where hope to see you on the";2016-10-15 00:00:00.0;1;0;1099108769;false;false;false
787089156430114816;501218458;"Silent__Jay";"the devil crept into heaven god overslept on the th the new world order was born on september th";2016-10-15 00:00:00.0;1;0;-848696263;true;false;false
787194923917332481;2920137559;"InStereo_1DAF";"one year ago today the boys filmed their music video for perfect in new york city • september th";2016-10-15 00:00:00.0;151;0;2043840382;true;false;false
787212254647349248;4565508327;"amnahassankhan3";"pakistans first ever ice cream roll brand freshly freeze is now available at giga mall world trade center";2016-10-15 00:00:00.0;1;2;-861185664;true;false;false
787254696176214016;1017690006;"milanarte";"apple has opened a store inside the santiago calatravadesigned transport hub at new yorks world trade center";2016-10-15 00:00:00.0;7;5;-1542731076;true;false;false
787267774615879681;1131214267;"VARGHANC";"please tell this trump supporter that george w bush was president of the united states from to";2016-10-15 00:00:00.0;0;0;1200399555;false;false;false
787268523395538944;2924599287;"nananoizy";"today isnt september and dude from to there are years not come on you need a rest";2016-10-15 00:00:00.0;0;0;1598291684;false;false;false
787269893271986176;2919901436;"RealFKNNews";"the reader the september huge resource";2016-10-15 00:00:00.0;1;0;-1870768553;false;false;false
787281848988790784;2732584356;"youcanbhealthy";"the twin towers taken september th via";2016-10-15 00:00:00.0;0;0;-879408649;true;true;false
787287640177463296;756348267827310592;"EzekielScott6";"these are the same people who hijacked airplanes and killed our own citizens on september th never forget";2016-10-15 00:00:00.0;0;0;-117993543;false;false;false
787289462350938113;3027005955;"Vella8579";"stephanie desimone was two months pregnant when her husband navy cmdr patrick dunn was killed at the pentagon on";2016-10-15 00:00:00.0;2;0;-36064900;false;false;false
787292709358800897;13952112;"bmcc265";"my thoughts on neverforget lesson wherewereyou remembering mindset humbled";2016-10-15 00:00:00.0;0;1;892772151;false;false;false
787298837446656001;423237645;"Land_Department";"dubai world trade center sheikh saeed hall stand sb in addition to our stand within dubai smart government";2016-10-15 00:00:00.0;0;3;-661835868;false;false;false
787299188715511808;730862200529817600;"MagiKestral24";"or set charges in the world trade center or fake the moon landing or something its just so unrealistic";2016-10-15 00:00:00.0;1;1;2065412666;false;false;false
787299283879940097;150062849;"twilly18";"trump talks world trade center architecture bombs on planes";2016-10-15 00:00:00.0;0;0;1672048670;true;true;true
787299556580990977;4780094599;"sexualstuff61";"energy efficiency the chrysler building built in better energy star than new world trade center";2016-10-15 00:00:00.0;0;0;1258764293;false;false;false
787299790925160453;136697478;"SuuperCyril";"";2016-10-15 00:00:00.0;0;0;0;false;false;false
787300081468837888;3485534236;"DrFocash";"hillarybecause i live three blocks from world trade center & am a huge fan of open borders we need more muslim terrorists blowing shit";2016-10-15 00:00:00.0;0;0;-1712174443;true;false;false
787301596002738176;3346540762;"abbismark1";"ghgroove pls i want to hear world trade center by to all fans inside ashaiman lebanon zone";2016-10-15 00:00:00.0;4;1;-733001293;false;false;false
787302853089955840;347562985;"PollySpin";"i remember being pissed that the school decided to inform my kids about world trade center the day of";2016-10-15 00:00:00.0;0;1;-1619977740;true;false;false
787302964419584000;720590226503176192;"Rousselot_GN";"visit us manufacturing stand sc november dubai world trade";2016-10-15 00:00:00.0;5;5;-1374856712;false;false;false
787304786185949184;14338727;"ProphetPX";"i wonder how much of story is true & how much is made up fbi propaganda fbi created world trade center bomb";2016-10-15 00:00:00.0;0;1;1073778656;true;true;true
787304835926233088;14338727;"ProphetPX";"i wonder how much of story is true & how much is made up fbi propaganda fbi created world trade center bomb";2016-10-15 00:00:00.0;0;0;1073778656;true;true;true
787304981992841216;14338727;"ProphetPX";"i wonder how much is true & how much is made up fbi propaganda fbi created world trade center bomb";2016-10-15 00:00:00.0;1;0;-562872010;true;true;true
787305109868859392;14338727;"ProphetPX";"i wonder how much is true or is made up fbi propaganda fbi created world trade center bomb";2016-10-15 00:00:00.0;1;0;60312194;true;true;true
787306901427982336;21000849;"murphyway";"museum south tower world trade center memorial nyc";2016-10-15 00:00:00.0;0;0;414932637;false;false;false
787362921697378304;2719091922;"Smith14Hayley";"i have raised a complaint with you back on th september by email and telephone and am yet to receive a response please respond";2016-10-15 00:00:00.0;2;2;2010460097;false;false;false
787480852951203841;38652395;"beabinene";"last day today visit our booth at the th affi franchise + buyers expo at the world trade center all bags";2016-10-16 00:00:00.0;20;74;200272093;false;false;false
787619184620498944;402187627;"fionajacm";"my last day off work and college was th september and im still gan";2016-10-16 00:00:00.0;0;0;-1466142665;true;false;false
787635121537093632;88200699;"MostonRedDevil";"you didnt even play at anfield from th may to th september haha months more like";2016-10-16 00:00:00.0;0;0;1893519358;false;false;false
787637871008059392;2457976984;"ldhaines1987";"waytobattle was my last race of the year only had weekend off since september th could";2016-10-16 00:00:00.0;0;0;306219758;false;false;false
787639218008952832;5121051;"paulswansen";"trump blames george w bush for donald trump invoked the september th atta";2016-10-16 00:00:00.0;0;0;-1049699803;true;true;false
787639253538705408;3173950168;"ComputerForPres";"i do not like this kind of thinking that led to september th the federal government america computerforpres";2016-10-16 00:00:00.0;0;0;1820042182;true;true;false
787650888177364992;201185778;"McKGraKucPauNad";"rudy giuliani blames september th insiders at cnn for worldwide mass murder";2016-10-16 00:00:00.0;0;0;2072811821;true;true;false
787651957737545729;786288976504107009;"roadtripsquad";"roadtrip no no no overload cover th september london via";2016-10-16 00:00:00.0;0;1;146992214;false;false;false
787653484954939392;786288976504107009;"roadtripsquad";"roadtrip treat you better shawn mendes cover th september l via";2016-10-16 00:00:00.0;1;0;613692385;false;false;false
787658473798455297;721498105166766080;"NewAge_ebooks";"best april fools will ever be on september th";2016-10-16 00:00:00.0;0;0;-1465409564;false;false;false
787684567540903936;201185778;"McKGraKucPauNad";"dont waste your vote on corporate democrat hillary clinton who betrayed you before with bush cheneys september th psyop";2016-10-16 00:00:00.0;0;0;-1173825550;true;true;true
787694273500213249;3112622919;"TimmyDavidNYC";"planned broadcast segments views of statue of liberty lower manhattan one world trade visiting the september";2016-10-16 00:00:00.0;1;8;-836409948;false;false;false
787695087522308096;368146818;"YUObserver";"until yesterday i always thought of the infamous date as a tragedy an emergency phone number";2016-10-16 00:00:00.0;0;0;-1752149873;false;false;false
787697933613428736;713057441903218689;"JoergPlaner";"the mtv video music awards september th";2016-10-16 00:00:00.0;0;0;2090603469;false;false;false
787705004245168130;1661202793;"AdysonDCrenshaw";"we just ate biscuits from september th rip";2016-10-16 00:00:00.0;0;0;1094577868;false;false;false
787752773332955136;14717197;"TPM";"nyc comptrollers office finds trump didnt donate to charities in year after attacks despite promise to do";2016-10-16 00:00:00.0;319;234;-600234767;true;true;true
787756564266487809;3955347975;"MuzikMan1977";"brain dead psychotic loser angry & feeds off of september th punk loser nevertrump";2016-10-16 00:00:00.0;0;0;-246741237;false;false;false
787756848954867712;1851499850;"Smoloko123";"israelis were the only suspects arrested in the us on who were thought to have been involved in";2016-10-16 00:00:00.0;40;37;-1487681620;true;true;true
787759913619578882;147911580;"railscot";"new image of carlisle having brought in the waverley special from york via hexham on sunday th september";2016-10-16 00:00:00.0;0;0;-1116034373;false;false;false
787770161680056320;17798658;"Umpire20";"as a former new yorker who worked on wall street on september th this is particularly upsetting what a";2016-10-16 00:00:00.0;0;0;-362838622;true;true;false
787778841108414464;46074825;"MrToff1";"absolute joke th october now th november pre ordered th september";2016-10-17 00:00:00.0;0;0;-2040599659;false;false;false
787781500502769665;46074825;"MrToff1";"";2016-10-17 00:00:00.0;0;1;0;false;false;false
787783976211648518;4509763455;"UCRSTATION";"";2016-10-17 00:00:00.0;1;1;0;false;false;false
787790235535015938;2814040284;"Blaugast";"";2016-10-17 00:00:00.0;0;2;0;false;false;false
787791190687096832;28245701;"gordyrobertson1";"just loved musical fever presents a tribute to the toughest pt by maharishi hifi on";2016-10-17 00:00:00.0;0;0;-1769980653;true;false;false
787791706922057728;1272609596;"BatschkappFfm";"";2016-10-17 00:00:00.0;2;0;0;false;false;false
787796422305337344;3182299202;"uphauscounselor";"a mural in remembrance of september th";2016-10-17 00:00:00.0;1;0;-93245316;false;false;false
787796873889263620;783068150707302400;"CaliRaisinTRUTH";"rudy giuliani is a robot and not the same giuliani that denied the september th attacks americalies";2016-10-17 00:00:00.0;0;0;1603026944;true;true;true
787815110047784965;2362003958;"teamndamixz";"";2016-10-17 00:00:00.0;1;0;0;false;false;false
787815352323276800;51143883;"parrotbojangles";"i was told someone would get back to me within business days on september th and still havent heard anything";2016-10-17 00:00:00.0;0;0;-1198556579;true;false;false
787818805871247361;774358910916440065;"WithCheeseRiker";"on september th at am a plane crashed in tower one of the world trade center";2016-10-17 00:00:00.0;14;0;80805227;true;true;false
787819836659204096;780262633039466496;"playmaker0014";"neera did russian hijackers attack america on september th why is your candidate mum on the saudis money";2016-10-17 00:00:00.0;0;0;1673646101;false;false;false
787827986992996352;201810483;"repealhealthact";"she collapsed and was drug into the van in this video from september th now we know what happened to her next";2016-10-17 00:00:00.0;0;0;827246747;true;true;false
787833705628856320;313313940;"karlheinzland";"value of the iot trillion gartner in bil devices trillion";2016-10-17 00:00:00.0;4;3;1829514381;false;false;false
787834273906642947;311623665;"ShondahFly";"the protege out september th";2016-10-17 00:00:00.0;0;0;991780072;false;false;false
787840981668245504;2847605098;"FrancisManval";"september th & th ill be in puerto rico with magcon come turn up with us";2016-10-17 00:00:00.0;3159;0;-1903904923;true;false;false
787848154368602112;17159397;"WNBA";"force a game top maya moore minutes fg ft pts reb ast";2016-10-17 00:00:00.0;626;943;1768897581;false;false;false
787857826425278464;42390192;"cwcarrion";"i liked a video september th as it happened the definitive live news montage";2016-10-17 00:00:00.0;0;0;139310553;true;true;false
787863893364252672;18963641;"AdamWednesdays";"oh and the massacre its based on took place on september th despite being set in the s the movie still milks that";2016-10-17 00:00:00.0;0;1;-730324672;true;true;false
787922590421647360;4363538846;"sanjana_insan";"";2016-10-17 00:00:00.0;3165;0;0;true;false;false
787924799066603521;776392870018244609;"giveawayglowy";"cierra your birthday is on april st and mines on september th we both have birthdays on holidays";2016-10-17 00:00:00.0;0;0;-1647445294;true;false;false
787926027385188352;786498789460758528;"manjeetthelion";"reviving up for shivaay title track releasing on th september days to go boloharharhar";2016-10-17 00:00:00.0;1507;0;-241536489;false;false;false
787929269112569856;484774573;"dipudycesolaw";"thevoiceindiakidslives intm mtv indias next top model season winner name pranati rai th september";2016-10-17 00:00:00.0;0;0;-1516504429;false;false;false
787932426769227777;966081272;"rhyker2u";"i just added best stiforp team september th update stiforp vs team tools to best stiforp team on";2016-10-17 00:00:00.0;0;0;-1647589449;true;false;false
787933902128160768;150687328;"douglaspjackson";"";2016-10-17 00:00:00.0;0;0;0;false;false;false
787935092773625858;333069399;"Macrodactyla";"same bird i had on redcar rocks on rd october it was rung in norway on th september";2016-10-17 00:00:00.0;0;0;932831283;false;false;false
787937091141324800;202145362;"coconut_keane";"september th was the day that changed the world not sep th because that was the day the mastermind behind the towers announced war";2016-10-17 00:00:00.0;1;1;1020834572;true;true;true
787941061662347264;720873364345106432;"kansalankit84";"";2016-10-17 00:00:00.0;2766;0;0;true;false;false
787945989843714048;27503295;"Brian4z";"september th was done by us government and something worse is planned for us possible nuclear";2016-10-17 00:00:00.0;0;0;398269727;true;true;true
787946147868471296;863418446;"TheNerveAfrica";"nigerian inflation accelerates for th month in september";2016-10-17 00:00:00.0;0;0;457314120;true;false;false
787947610417958912;729950129923489792;"MarkRVanSciver";"hillary clinton sick hillary collapses on september th via";2016-10-17 00:00:00.0;0;0;-1425455439;true;false;false
787948426919047168;75524110;"roxanneprice91";"i ordered mine th of september and told it will take weeks still waiting";2016-10-17 00:00:00.0;0;0;2071362665;true;false;false
787951528921358336;2241329094;"eventguidegh";"";2016-10-17 00:00:00.0;0;0;0;true;false;false
787952286056255488;1667524124;"SBPE16";"september th was the day that changed the world not sep th because that was the day the mastermind behind";2016-10-17 00:00:00.0;1;0;-1785404752;false;false;false
787959044539494404;768009392809775104;"Neads_91";"hi i have sent two for two journeys i was delayed on and they were sent on th and th of september";2016-10-17 00:00:00.0;0;0;-2074851371;true;false;false
787982398273323008;427313915;"S_Wain89";"still yet to receive a response or acknowledgement for my refund claim for delayed train vtnbhtc from th september";2016-10-17 00:00:00.0;0;0;1072741231;true;false;false
787985933853335553;2561965273;"BestOfAllNews";"being muslim and american in the year of donald trump muslim americans describe the september news";2016-10-17 00:00:00.0;1;0;26960955;true;true;false
787986191933059074;4161347182;"TopNews24_7";"cnn being muslim and american in the year of donald trump muslim americans describe the september";2016-10-17 00:00:00.0;0;0;1459845051;true;true;false
787986257359974400;751180580138528768;"cnn_cnn9";"news being muslim and american in the year of donald trump muslim americans describe the september";2016-10-17 00:00:00.0;0;0;-88875733;true;true;false
787986266042216448;4872072682;"dann_zaxx";"cnn being muslim and american in the year of donald trump muslim americans describe the september";2016-10-17 00:00:00.0;0;0;1459845051;true;true;false
787987048405819392;80414405;"ppl4all";"cnn being muslim and american in the year of donald trump muslim americans describe the september";2016-10-17 00:00:00.0;0;0;1459845051;true;true;false
787987667317301248;46074825;"MrToff1";"in store upgrade on the th september its taking so long and my iphone is gonna die any day now its locking up";2016-10-17 00:00:00.0;0;1;-1652868944;true;false;false
787989371882446849;786660482262437888;"DY8na";"today we remember those who lost and gave their lives years ago september th we stand together as a nation";2016-10-17 00:00:00.0;3;0;-1035412300;true;true;false
787991683069652992;3072648431;"muslimnews_UK";"being muslim american in the year of donald trump cnn muslim americans describe the september te";2016-10-17 00:00:00.0;0;0;1979033855;true;true;false
787994614783438848;21428264;"puttnpdx";"being muslim and american in the year of donald trump muslim americans describe the september terro";2016-10-17 00:00:00.0;0;0;841326006;true;true;false
787996245969268736;1123340798;"ECLedford";"cybersecurity fatigue syndrome it all started midseptember and it hasnt let up and its exhausting";2016-10-17 00:00:00.0;0;0;-406409152;true;true;false
787998004452044800;573110293;"GParentObstacle";"looking at connections between words by americas leaders about september and bibles isaiah here";2016-10-17 00:00:00.0;0;0;-312592653;true;true;false
787999841573937152;15923797;"KITV4";"being muslim american in the year of donald trump muslim americans describe the september terroris";2016-10-17 00:00:00.0;0;0;-1474101201;true;true;false
788000626600996865;3438091241;"MalcolmMbakwa";"burkes peerage remembers the victims of the terrorist attacks of september th neverforget";2016-10-17 00:00:00.0;3;0;-508231723;true;true;false
788000637506105344;359652561;"BreakingNews_nl";"being muslim american in year of trump muslim americans describe the september terrorist attacks cnn";2016-10-17 00:00:00.0;0;0;1646030264;true;true;false
788001041144881152;2162824027;"_Free_RT_";"rt muslim americans describe the september terrorist attacks as a seminal moment that painfully al";2016-10-17 00:00:00.0;0;0;-1287301206;true;true;false
788001559015665664;751048532145176576;"Trump_News_";"news being muslim american in year of trump muslim americans describe the september te trump usa";2016-10-17 00:00:00.0;0;0;390302413;true;true;false
788005843820285952;24481831;"HaitiNewsNet";"being muslim american in the year of donald trump muslim americans describe the september terrorist";2016-10-17 00:00:00.0;0;0;1547503141;true;true;false
788007456660082688;170358646;"Skibabs";"being muslim american in year of trump muslim americans describe the september skibabs";2016-10-17 00:00:00.0;0;0;-1465205163;true;true;false
788007471126151168;2871485771;"freshNM";"being muslim american in year of trump muslim americans describe the september terrorist attacks as";2016-10-17 00:00:00.0;0;0;-916733635;true;true;false
788007658242449408;1416827659;"_cnnTop_";"news being muslim american in year of trump muslim americans describe the september terrorist att";2016-10-17 00:00:00.0;0;0;-613824104;true;true;false
788007673358802945;337206020;"ERICBARBOSA11";"being muslim american in year of trump muslim americans describe the september via";2016-10-17 00:00:00.0;0;0;-1510453502;true;true;false
788008555597082628;379308014;"FlourPowerFdTrk";"how much money do you need for the burn cream youll need on";2016-10-17 00:00:00.0;1;2;-329461130;false;false;false
788009210219028481;2709413916;"the_big_riddle";"a european scientific study has concluded that on september the twin towers were brought down by a";2016-10-17 00:00:00.0;0;0;-187509087;true;true;true
788009244855443456;324670614;"01EddyCordero";"being muslim and american in the year of donald trump muslim americans describe the september terrorist attacks as a semin";2016-10-17 00:00:00.0;0;0;-1330174918;false;false;false
788009457846460416;242674159;"sharjildxb";"cnn topstories being muslim american in year of trump muslim americans describe the september ter";2016-10-17 00:00:00.0;0;0;985640730;true;true;false
788009942674354176;2584619299;"WorldNewsByRon";"being muslim american in year of trump muslim americans describe the september terroris via";2016-10-17 00:00:00.0;0;0;1386341048;true;true;false
788010179652558848;104977406;"twityourworld";"newsupdate being muslim american in year of trump muslim americans describe the september terrori";2016-10-17 00:00:00.0;0;0;1563254029;true;true;false
788010193070071808;82255436;"hijiwae";"being muslim american in year of trump muslim americans describe the september terrori newsupdate";2016-10-17 00:00:00.0;0;0;-539298797;true;true;false
788011643112296452;1947215125;"hotnews121";"muslim americans describe the september terrorist attacks as a seminal moment that painfully altered their place in america";2016-10-17 00:00:00.0;0;0;-1337722374;true;true;false
788011699513073664;28087968;"reemajaiswal68";"being muslim american in year of trump muslim americans describe the september terrori from cnn";2016-10-17 00:00:00.0;0;0;566320228;true;true;false
788011753573494786;182060375;"NewsMixerBG";"being muslim american in year of trump muslim americans describe the september terrorist atta";2016-10-17 00:00:00.0;0;0;-1135872426;true;true;false
788022683120177153;118245138;"woodruffbets";"trump now rting prison planet a truth site";2016-10-17 00:00:00.0;1109;1185;-1040628482;true;true;true
788051249774129152;134846593;"FDNY";"this was the depts darkest day & it remained so until the unimaginable tragedy of september th years ago fdny commissioner nigro";2016-10-17 00:00:00.0;12;15;-1058906936;true;true;false
788053209130622976;2778990076;"EastCoast911IA";"new alert via ec from fdny this was the depts darkest day & it remained so until the unimaginable tragedy of september th";2016-10-17 00:00:00.0;0;0;-297943682;true;true;false
788055228343910400;767839495;"EquestrianBot";"";2016-10-17 00:00:00.0;0;0;0;true;true;false
788062584377253888;625605340;"VivianeIDK";"ctv news ottawa police are asking for assistance in identifying break & enter suspects ctv news on september";2016-10-17 00:00:00.0;0;0;1832211504;false;false;false
788064632866951168;2979796681;"AnimalsGalore";"the last ground zero search dog has passed at age";2016-10-17 00:00:00.0;379;834;1345452762;true;true;false
788064794964144128;30016344;"starbucksgold";"";2016-10-17 00:00:00.0;27;123;0;false;false;false
788068715946504192;102594136;"oneunderscore__";"trump retweeted a and sandy hook truther this morning";2016-10-17 00:00:00.0;5;8;378053707;true;true;false
788070026121281537;165225863;"OfficialCamglen";"i just uploaded the chill inn show sunday th september to listen at";2016-10-17 00:00:00.0;0;0;-863038288;false;false;false
788074285592088576;714364883240927232;"AllBbiesss";"please rt moms babies parenting dads what&s on this weekend september th &a";2016-10-17 00:00:00.0;9;0;-1983641313;false;false;false
788080973091069952;4824434577;"QuillerJhon";"we must never allow september th to become a time for protest and di timothydolan quotes";2016-10-17 00:00:00.0;0;0;122813264;true;true;false
788082073579859968;4704724537;"ClubedeLeituraP";"";2016-10-17 00:00:00.0;0;0;0;false;false;false
788086252650180609;703847862;"TayloeBOOM";"realdonaldtrump i would like to extend my best wishes to all even the haters and losers on this special date";2016-10-17 00:00:00.0;6204;0;-617835416;false;false;false
788086569295044608;553652450;"RadicaIDobrev";"";2016-10-17 00:00:00.0;50;0;0;false;false;false
788092201611829249;1281669692;"dtalks_yyc";"tickets are now available for our next event on november th lets talk about intention";2016-10-17 00:00:00.0;8;2;-1231435632;false;false;false
788093625951408128;741598393051533316;"Fred_Bot_";"talking about my school we are you have k your tablet thing is september th years ago was in wales like for";2016-10-17 00:00:00.0;0;0;-498869174;false;false;false
788096235441905664;1138485829;"AlisonTarrant";"st september th november reclaiming asylum bethlem gallery";2016-10-17 00:00:00.0;4;0;-900493437;false;false;false
788103705614774277;22514851;"mordoc1";"the construction of the holborn viaduct in london on the th of september by henry dixon presumably it is now";2016-10-17 00:00:00.0;20;0;-939329995;false;false;false
788104683604865025;3497941;"owillis";"alex jones tried to push back on that clinton video about him and it went badly";2016-10-17 00:00:00.0;193;258;119712348;true;false;false
788107399144042496;986905831;"Nay_Anon";"it has been days since the september th attack on our united states of america tcot gop tlot";2016-10-17 00:00:00.0;0;0;290581916;true;true;false
788108727740006402;741598393051533316;"Fred_Bot_";"shoutout to use our iphones outside the september th victims never";2016-10-17 00:00:00.0;0;0;759759357;false;false;false
788114000655548416;26574283;"CNBCnow";"";2016-10-17 00:00:00.0;15;10;0;false;false;false
788114565246676993;41069265;"EMANN6";"this was the depts darkest day & it remained so until the unimaginable tragedy of september th years ago fdny";2016-10-17 00:00:00.0;12;0;1112651961;true;true;false
788115303267991552;24258355;"AbbyMartin";"in the most stifling media climate since we need operating to expose us corruption & crimes—something us press refuses to do";2016-10-17 00:00:00.0;476;651;-1730629208;true;true;true
788115796887089152;562186140;"WillardLesley";"when did we declare war on libya why did hrc recall a dozen us marines prior to";2016-10-17 00:00:00.0;3;1;511998631;false;false;false
788116295157854208;15823893;"bored2tears";"corrected united airlines q eps of beats by c revenue of b beats by m";2016-10-17 00:00:00.0;1;0;-688555676;false;false;false
788119944533778434;4526901934;"MrQuoteLoverOne";"on a tuesday september th we had the military coup in chile isabelallende quotes";2016-10-17 00:00:00.0;0;0;-137611670;true;false;false
788121352850944000;423620527;"JUCOFFrenzy";"";2016-10-17 00:00:00.0;23;28;0;false;false;false
788122047373250561;466868944;"maverick_mufc";"";2016-10-17 00:00:00.0;5;2;0;false;false;false
788122181653958656;3026516391;"Jillian5371";"stephanie desimone was two months pregnant when her husband navy cmdr patrick dunn was killed at the pentagon on";2016-10-17 00:00:00.0;2;0;-36064900;true;true;false
788123164299649024;251341054;"Corinne0721";"hillary clinton saved my life after by";2016-10-17 00:00:00.0;9;8;-33371976;true;true;false
788123494630514688;138822469;"abdullah_omar";"first place that i just had to visit the memorial a silent prayer for victims of terrorism everywhere";2016-10-17 00:00:00.0;96;691;1482426928;true;true;false
788124883234410497;201967311;"wc_estevan";"mon temp c wind nw kmh humidity % press kpa";2016-10-17 00:00:00.0;0;0;1548006885;false;false;false
788124898665369600;169263647;"wc_wiarton";"mon cloudy temp c wind se kmh humidity % press kpa falling";2016-10-17 00:00:00.0;0;0;-1932521137;false;false;false
788124900468875264;2251289628;"sotx_southpaw";"new day new tweets new stats followers unfollowers via good old";2016-10-17 00:00:00.0;0;0;-122190560;false;false;false
788124945653968896;182291263;"buoy41049";"wave swell ft at s nne wind wave ft at s nne wvht ft apd s mwd ° p adt";2016-10-17 00:00:00.0;0;0;1180619419;false;false;false
788124951081607168;2364161604;"PerfArtsVWNC";"intervention session tomorrow morning with cat all welcome if you are on a deadline it would be a good idea to attend";2016-10-17 00:00:00.0;0;0;591130370;true;false;false
788124960816529409;232925769;"wc_mississauga";"mon mostly cloudy temp c humidex wind sse kmh humidity % press kpa falling health idx";2016-10-17 00:00:00.0;0;1;-341839351;false;false;false
788124969767018496;3770879180;"cash_shopping";"";2016-10-17 00:00:00.0;0;0;0;false;false;false
788124993691484160;2616205376;"liberalismsux";"my brotherinlaw retired from was bronx trustee retiredmoved to nc short time after lost some friends loves nc";2016-10-17 00:00:00.0;0;0;-841826740;true;true;false
788125033893797888;21750809;"buoy51004";"wave swell ft at s n wind wave ft at s ene wvht ft apd s mwd ° a hst";2016-10-17 00:00:00.0;0;0;-968279580;false;false;false
788125036775247872;36258753;"buoy51101";"wave swell ft at s nnw wind wave ft at s ne wvht ft apd s mwd ° a hst";2016-10-17 00:00:00.0;0;0;1721819300;false;false;false
788125037366697985;44987835;"martywilkes";"";2016-10-17 00:00:00.0;0;0;0;false;false;false
788125106656739328;301804208;"ModernOwners";"nike air jordan retro bred xi black varsity red white size shoe tree";2016-10-17 00:00:00.0;0;0;869197556;false;false;false
788125108334370816;71264214;"SNHUCareerCtr";"after reading this article is your profile out of date attend linkedin sessions wed";2016-10-17 00:00:00.0;2;3;-178954580;false;false;false
788125168648331264;564993202;"ohgeorge1";"americans legit think obama has something to do with isis as he mysteriously wasnt there for uhm he wasnt president then but we";2016-10-17 00:00:00.0;0;1;-1038698888;true;true;true
788125202269900800;4484785821;"TopLeedsNow";"weather now light rain °c mph southwest wind";2016-10-17 00:00:00.0;0;0;1936695560;true;false;false
788125214018244609;774822153275539456;"Chris_Hodges__";"its going to be a great day part of legacyseries step of growthtrack am & pm cdt";2016-10-17 00:00:00.0;0;1;1328162229;false;false;false
788125222616596480;2235199453;"islamis4";"changed so many peoples lives in so many different ways";2016-10-17 00:00:00.0;0;0;-1250921659;true;true;false
788125243500027905;7040852;"kombiz";"i cant believe that who work a book tying iraq to would exaggerate what documents from fbi";2016-10-17 00:00:00.0;0;1;1854954353;true;true;true
788125262022057985;714310690253606912;"NintendoArtBot";"cosdstsgndstxxtminxtpow+maxdsttxsigabs*sqty";2016-10-17 00:00:00.0;0;0;1036694705;false;false;false
788125283568148480;836660256;"BangingChains";"i think it would be a great debate question mrtrump do you agree with alex jones that was an inside job";2016-10-17 00:00:00.0;0;1;-1681518355;false;false;false
788125283941511168;64269188;"Swrafferz";"ever got someones number by writing a poem about naw just me then";2016-10-17 00:00:00.0;0;3;-269940133;false;false;false
788125310248116225;4794297426;"ElTocinoDeJos";"";2016-10-17 00:00:00.0;1;0;0;false;false;false
788125381543034880;335153927;"troyeftgaga";"i don have to work until pm thursday";2016-10-17 00:00:00.0;0;0;-935320659;false;false;false
788130184683814912;2950415500;"Iocky_";"deox and taity are the most disabled fucking cunt flaps of and deserved to be in the twin towers in th of september";2016-10-17 00:00:00.0;3;0;2075816764;true;true;false
788132929406763008;2983479998;"dakotathewarlo1";"tuesday september the world trade center wtc twin towers am am am am";2016-10-17 00:00:00.0;0;1;-355256392;false;false;false
788133098592440320;2983479998;"dakotathewarlo1";"tuesday september the world trade center wtc twin towers am am am am";2016-10-17 00:00:00.0;0;1;-355256392;false;false;false
788135588868206592;3186662730;"melbingham20";"the mother of hillary clintons top aide believes sharia law is good and that america deserved september";2016-10-17 00:00:00.0;256;0;1943508527;true;true;false
788136475531485184;2846551735;"PlacedeBastille";"its a long story but it mostly goes back to september";2016-10-17 00:00:00.0;0;0;163910285;true;true;false
788140565766385665;263110731;"Seek4News";"being muslim in american in the year of donald trump muslim americans describe the september terro";2016-10-18 00:00:00.0;0;0;-1325185932;true;true;false
788140862719008768;874505142;"rogersurfacings";"titanic conspiracy the st staged & jesuit plan for control of the world banking system";2016-10-18 00:00:00.0;2;0;894732059;true;true;true
788140898668326913;252390464;"mtompkins88";"when you move up to no in the poll and no in the rpi";2016-10-18 00:00:00.0;9;0;1598895337;false;false;false
788140925453238272;3997196140;"DVTom_";"people followed me and people unfollowed me automatically checked by";2016-10-18 00:00:00.0;0;0;675235709;true;false;false
788140928544468992;2205534041;"Diane_7A";"billy bush made me do the billybushmademedoit";2016-10-18 00:00:00.0;4;4;1011936000;true;true;true
788140944105152513;1354316136;"peter_bollini";"family isnt related to those hu lost theirs in only showing the flexibility of the tottles passing that holdsworth can also mean";2016-10-18 00:00:00.0;0;0;133052018;true;false;false
788140950451126272;58415745;"bakyle78";"alex jones responds to clinton video tying him to trump there were bombs in the world trade center on";2016-10-18 00:00:00.0;29;0;-1279964702;true;true;true
788140956965036036;1286859672;"TheTaZe_ebooks";"one day the inevitable jokes today v";2016-10-18 00:00:00.0;0;0;1110749491;false;false;false
788140993250025472;362739512;"EricBeraud";"this friday we take over bogies doors at band starts at lets fucking rage lsu";2016-10-18 00:00:00.0;11;0;-1327228636;false;false;false
788141002540195840;77637934;"SweetBabyNicco";"";2016-10-18 00:00:00.0;4;0;0;false;false;false
788141017337700352;758526354858008576;"mahesharma39";"first place that i just had to visit the memorial a silent prayer for victims of terrorism everywhere";2016-10-18 00:00:00.0;10;0;1482426928;true;true;false
788141053111103490;127079496;"AndyFitzSimons";"billy do it george come on i dont think billy dont be a wuss george im not comforta billy george george";2016-10-18 00:00:00.0;59;0;1047789480;false;false;false
788141053710700544;1925090942;"roxkarn06";"in the most stifling media climate since we need operating to expose us corruption & crimes—something us";2016-10-18 00:00:00.0;262;0;-1226952170;true;true;false
788141057171197952;77818500;"EmProWATE";"the afc south is regarded as the worst division in nfl but it has wins afc north has nfc west and nfc south";2016-10-18 00:00:00.0;9;0;-836584407;true;false;false
788141069372366853;1616093972;"CarlosDan_ger";"billy bush made me do the billybushmademedoit";2016-10-18 00:00:00.0;4;0;1011936000;true;true;true
788141093548335108;25605222;"Lawsonbulk";"alex jones responds to clinton video tying him to trump there were bombs in the world trade center on";2016-10-18 00:00:00.0;0;0;-1279964702;true;true;true
788141108857483264;3285503460;"toshea66";"billybushmademe profit off of while thousands died";2016-10-18 00:00:00.0;2;0;719332947;true;true;true
788141116335894528;4830964519;"_ngoo";"sunrisecommunitychurchtemplecityca sunday august genesis the grea read blog";2016-10-18 00:00:00.0;0;0;1359440854;false;false;false
788141466644348940;3559882283;"Itz_stariium";"i have been saving that up since september th";2016-10-18 00:00:00.0;0;1;1266256296;false;false;false
788144351671160832;764581763926687746;"CorrieClassic";"";2016-10-18 00:00:00.0;0;0;0;false;false;false
788150577914007553;25570477;"justintaylor7";"september after months of egging on from cousin billy bush president george w bush orders the controlled detonation of t";2016-10-18 00:00:00.0;0;3;-1775853392;false;false;false
788151424676868096;3006829064;"sen_kamo_jp";"sendai kamotsu sendai transport is the comedic side project of japanese visual kei rock band nightmare formed in september";2016-10-18 00:00:00.0;0;1;1187102417;false;false;false
788163037400227840;783090778255953920;"VGameConsoles";"";2016-10-18 00:00:00.0;0;0;0;true;false;false
788165597913817088;29303902;"Artistlike";"september changed the country forever so has this election cycle well never recover";2016-10-18 00:00:00.0;0;1;1696986298;true;true;false
788166074546003968;547608201;"muscadinia";"i just found an typo in an academic journal article th september instead of september amazing how that one got through";2016-10-18 00:00:00.0;0;0;267923072;true;true;false
788180471817596928;786376062334885888;"hellenlds";"fdny members who made the supreme sacrifice in the performance of duty on september neverforget";2016-10-18 00:00:00.0;18374;0;-1873830572;true;true;false
788181926410530816;1216262593;"bikesncustoms";"in september of first responders in new york city were in need";2016-10-18 00:00:00.0;0;0;-1995521135;true;false;false
788193123692183552;1915787461;"dariandominick";"september around am see you then pussy";2016-10-18 00:00:00.0;2;3;806658959;true;true;false
788193276612476928;738068773421355010;"starryoosung";"* ~ my birthday is september rd";2016-10-18 00:00:00.0;0;0;359615824;true;false;false
788193900015947777;1041760548;"ManOfTheYear96";"september around am see you then pussy";2016-10-18 00:00:00.0;2;0;806658959;true;true;false
788195024202629120;469086244;"JL02048628";"list of targeted acts of terrorism on christians by religious muslims since september th";2016-10-18 00:00:00.0;0;0;1154400672;true;true;false
788197624524398592;201185778;"McKGraKucPauNad";"sandy hooker hoax +boston bombings criminals in news media work hand in hand with criminals in government september";2016-10-18 00:00:00.0;1;1;1674446225;true;true;false
788197714152476673;414177066;"ChadHale2";"sandy hooker hoax +boston bombings criminals in news media work hand in hand with criminals in government";2016-10-18 00:00:00.0;1;0;1435862240;true;false;false
788200469109760000;751705964466675712;"ughhhalexis";"neverforget the innocent lives we lost on september th";2016-10-18 00:00:00.0;890;0;-176810235;true;true;false
788208363641462784;787019128145969156;"WTC_TO";"world trade center on a beautiful ny day";2016-10-18 00:00:00.0;1;0;-1291157003;false;false;false
788216787418710016;16715398;"ABC7NY";"a stunning shot of the moon over one world trade center thanks to for sharing with abcny";2016-10-18 00:00:00.0;146;295;1726173873;false;false;false
788218008674205696;3710226090;"BRoopak";"arijit on hot seat the kapil sharma show episode th september";2016-10-18 00:00:00.0;0;0;-1070060253;false;false;false
788219067710730240;380592273;"meekmila";"";2016-10-18 00:00:00.0;0;0;0;false;false;false
788222369894572032;784420182567497728;"LOSTMYHEEEAD";"claude morgan sister mala morgan was born on september th working under sunmusic as a model & actress";2016-10-18 00:00:00.0;1;1;-1228807294;true;false;false
788246700129411072;342359631;"balling__";"destinee ruined my life around september th or so oml";2016-10-18 00:00:00.0;0;0;1890476397;false;false;false
788255284523171840;747768070685351936;"koalagirl08";"oh look heres the potus with guy who bombed twin towers and yours truly hillaryclinton how does that work";2016-10-18 00:00:00.0;20;15;-1858453743;true;true;true
788278762785812480;741259376590127105;"Irshad7719";"global collaboration day update events due by september th education studytips";2016-10-18 00:00:00.0;0;0;-563067363;false;false;false
788294342955900928;398717986;"kingmanelisi";"";2016-10-18 00:00:00.0;0;0;0;false;false;false
788296775220260868;1614497197;"grandpa__al";"my plus finally came mind you i preordered on september th";2016-10-18 00:00:00.0;0;0;1269917689;false;false;false
788309483806162944;2400466927;"NategGlenn111";"september th what does that date mean to you muslim";2016-10-18 00:00:00.0;0;1;2080423537;false;false;false
788313723698118656;4664462129;"philips_jhon";"initially the horrific images of september th triggered an enormous w ulrichbeck quotes";2016-10-18 00:00:00.0;0;0;-1309180370;true;true;false
788320580252696576;3302881;"myuu";"not going to say anything about the weather petronas twin towers";2016-10-18 00:00:00.0;0;0;1572079595;true;false;false
788323153525153792;2148718640;"JustMyRFeed";"september was the hottest on record making it th of the last months to hold that reco world news";2016-10-18 00:00:00.0;1;1;2064094840;true;false;false
788323218297716736;2290568168;"tyonews";"tyonews september was the hottest on record making it th of the last months to hold that re news";2016-10-18 00:00:00.0;0;0;-1293857799;true;false;false
788323665205080064;752383464;"breakingnews70";"september was the hottest on record making it th of the last months to hold that record says nasa breakingnews";2016-10-18 00:00:00.0;0;0;-592517310;true;false;false
788324214080098305;780637246554726401;"JVNGCHANW00";"yass my twin towers";2016-10-18 00:00:00.0;1;2;1011346950;false;false;false
788324367784480768;209716158;"PompeyOnSixers";"will sixers latest twin towers tandem work lockedonsixers oct & i discuss it via";2016-10-18 00:00:00.0;2;3;-1396683078;false;false;false
788324713990754306;258156054;"PutriAminda_";"at petronas twin towers pic";2016-10-18 00:00:00.0;0;1;1140025949;false;false;false
788325956259807232;898872932;"BonnieFagan2";"traitor twin towers plane";2016-10-18 00:00:00.0;0;0;817445263;false;false;false
788326708805967872;61182507;"FashionNBarbie";"amazing to see the in kuala lumpur doing a fly by the petronas twin towers redarrowsinmalaysia";2016-10-18 00:00:00.0;0;0;1830671838;true;false;false
788328219086823424;3302881;"myuu";"raf red arrows nd flyby was hoping for a rd redarrows petronas twin towers";2016-10-18 00:00:00.0;0;0;-1635445355;false;false;false
788329327398051840;711941757257310208;"JonDadBot";"the twin towers blowing up mightve actually been a scheme by the us gorvernment explains conspiracy theory for minutes while driving";2016-10-18 00:00:00.0;0;0;519179124;true;true;true
788330541758222336;728793170;"sytsuna";"i liked a video ~september th attack on the world trade center";2016-10-18 00:00:00.0;0;0;-1852293276;false;false;false
788331522440859648;755942606;"VickiTreadell";"fantastic sight over klcc s iconic twin towers the best of globalbritain engaging the";2016-10-18 00:00:00.0;27;45;551111814;true;false;false
788331666397810688;41065173;"jsadiq";"the royal air force red arrows spew smoke trails as they fly past the petronas twin towers";2016-10-18 00:00:00.0;0;3;-155344473;true;false;false
788336293352800256;153798942;"harrowonline";"everyone active harrow leisure centre claims septembers outstanding london sports venue award tuesday th";2016-10-18 00:00:00.0;0;0;-1659656673;true;false;false
788336869775998977;3065813609;"bzdt3";"worldnews september was the hottest on record making it th of the last";2016-10-18 00:00:00.0;0;0;-692790015;true;false;false
788337343124103168;713000343945084928;"ScoopSquid";"september was the hottest on record making it th of the last months to hold that record says nasa news";2016-10-18 00:00:00.0;0;0;-160832961;true;false;false
788337372836626432;3257040068;"CQEnergy";"what is hot in the world september was the hottest on record making it th of the";2016-10-18 00:00:00.0;0;0;1700887845;true;false;false
788339630798168064;4869312999;"slashWorldNews";"september was the hottest on record making it th of the last months to hold that record says nasa";2016-10-18 00:00:00.0;0;0;-352044748;true;false;false
788340478626365440;15864446;"NBCNewYork";"woman seeks owner of camera card filled with wedding photos found near world trade center";2016-10-18 00:00:00.0;25;16;1395888656;true;false;false
788340899554091009;3013143271;"BihariSharmila";"watched fly over the twin towers in kuala lumpur amazing backdrop";2016-10-18 00:00:00.0;0;0;-1620755365;true;false;false
788342765025452032;79186359;"LowellSunNews";"todays question should september become the th national holiday vote at";2016-10-18 00:00:00.0;0;0;236563815;false;false;false
788343259370229760;177950485;"petersuwe";"uegweek event in the twin towers vienna a magical view from the th floor";2016-10-18 00:00:00.0;0;0;858409973;false;false;false
788344453006106628;41065173;"jsadiq";"the flying past the petronas twin towers";2016-10-18 00:00:00.0;15;11;343909825;false;false;false
788346736783745024;354351479;"JZHoodie";"bill clinton did as well with the first twin towers attack my point is dont have selected memory";2016-10-18 00:00:00.0;0;0;-677324719;true;true;false
788348000984674304;106355048;"UKinMalaysia";"simply amazing shots of the flypast of kls twin towers this evening";2016-10-18 00:00:00.0;3;3;560704556;true;false;false
788349758012289024;2259585476;"NewsyNewsworld";"september was the hottest on record making it th of the last months to hold that record says nasa via";2016-10-18 00:00:00.0;0;0;-282275038;true;false;false
788351199518920704;19277445;"SKYLERIZED";"was petits walk between the twin towers madness or genius";2016-10-18 00:00:00.0;0;0;-2127180289;false;false;false
788352266558332928;104725213;"mzracing_en";"weve uploaded our video covering the mazda global mx invitational held over september th to";2016-10-18 00:00:00.0;1;1;-575456642;true;false;false
788353762263961600;2382178716;"Worldnews_top";"september was the hottest on record making it th of the last months to hold that record says nasa";2016-10-18 00:00:00.0;0;0;-352044748;true;false;false
788354538784825344;3497941;"owillis";"alex jones responds to clinton video tying him to trump there were bombs in the world trade center on";2016-10-18 00:00:00.0;19;20;-1279964702;true;true;true
788356745110360064;3230102804;"Inenantoine";"it is maybe due to my date of birth on september th years to the day before one of the most murderous attacks of the history";2016-10-18 00:00:00.0;0;0;910522469;true;true;false
788361071727742976;2402515056;"spoopyjew";"okay so on september th i lived on an army base and before civilians were actually allowed on bare and the post was open";2016-10-18 00:00:00.0;0;1;111974055;true;true;true
788361835053481987;2612012283;"Readey26Readey";"what grey and looks good on cops and firemen the world trade center";2016-10-18 00:00:00.0;0;0;-1329304752;false;false;false
788361925033881601;22396315;"_JamesN";"oculus nyc wtc westfield world trade center";2016-10-18 00:00:00.0;0;0;1980605517;false;false;false
788362020521476096;94278852;"amiraavee";"tuesday motto embrace moments world trade center memorial nyc";2016-10-18 00:00:00.0;0;0;701387757;false;false;false
788362060631379969;88164343;"propertiesindia";"available fully furnished office at world trade center officespace forrent kharadi pune commercial property";2016-10-18 00:00:00.0;0;0;1252790784;false;false;false
788362595614937088;7228352;"theluckyman";"reddit blog september was the hottest on record making it th via news";2016-10-18 00:00:00.0;0;0;-1668470127;true;false;false
788362905796259841;741598393051533316;"Fred_Bot_";"i just published the new game is september th victims never";2016-10-18 00:00:00.0;0;0;-378513120;true;true;false
788363895903780864;363754548;"Badedooot";"th franchise & business expo ™ affiempoweringentrepreneur world trade convention center";2016-10-18 00:00:00.0;0;0;-2139295435;false;false;false
788363987133931520;27637899;"shermanelli";"so big so strong newyork world trade center memorial nyc";2016-10-18 00:00:00.0;1;3;471123451;false;false;false
788365143952404480;2809253720;"WhiteWaterHQNet";"rafting silver river whitewater rafting cfs september th rt retweet";2016-10-18 00:00:00.0;0;0;-1227756628;false;false;false
788365777862848512;100876567;"robininny";"fyi mentions world trade center transportation hub & others youve seen";2016-10-18 00:00:00.0;0;1;930796805;false;false;false
788366257653448704;21205543;"Powerpeace";"t am a big fan of young and restless this guy & trumpet make the soap operas look normal they take great";2016-10-18 00:00:00.0;0;0;-1760985373;true;false;false
788366327211757569;45860941;"aditlal";"view of the one world trade center and new jersey statue of liberty from pier";2016-10-18 00:00:00.0;0;0;-1325118487;false;false;false
788366848349773824;222525885;"JosepxOne";"september was the hottest on record making it th of the last months to hold that record says";2016-10-18 00:00:00.0;0;0;-251159987;true;false;false
788366884647215104;83443717;"Heather1mmagc";"the truth about common sense gun control pjnet";2016-10-18 00:00:00.0;0;0;394819952;false;false;false
788367617861963776;1460845784;"Quotesthepublic";"september was the hottest on record making it th of the last months to hold that record says nasa";2016-10-18 00:00:00.0;0;0;-352044748;true;false;false
788367867423010818;35237036;"zandeeeee";"hahaha moments world trade convention center";2016-10-18 00:00:00.0;0;0;-1890731912;false;false;false
788368368088838144;346218980;"wildandpine";"yesterday we went to the world trade center memorial it is by far the most moving";2016-10-18 00:00:00.0;0;1;1186905994;true;true;false
788369431411904512;310933771;"vincenzodepalma";"";2016-10-18 00:00:00.0;0;0;0;false;false;false
788370104778186754;6392972;"ASE";"september was the hottest on record making it th of the last months to hold that record says nasa";2016-10-18 00:00:00.0;5;3;-352044748;true;false;false
788370488192012288;776504320661393408;"giveawayjoolx";"go research building of the world trade center and your eyes will be opened to the lies were told everyday";2016-10-18 00:00:00.0;0;0;-767988138;true;true;true
788372052126404608;50585857;"maybebhemy";"d ingress manilafame world trade center pasay city";2016-10-18 00:00:00.0;0;0;-1257114544;false;false;false
788374186356072448;3397650045;"RedditRightNow";"rrn september was the hottest on record making it th of the last months to hold that record says nasa";2016-10-18 00:00:00.0;0;0;-626590782;true;false;false
788374892811018241;2311989583;"Viral_Load";"september was the hottest on record making it th of the last months to hold that record says nasa";2016-10-18 00:00:00.0;0;0;-352044748;true;false;false
788374989284184064;3181392045;"kBbGLL";"september was the hottest on record making it th of the last months to hold that record says nasa";2016-10-18 00:00:00.0;0;0;-352044748;true;false;false
788375077335236609;391076838;"Ernzcognito";"its crazy the excitement you feel sound september th for football to commencethen your team comes out with flat tires out the gate";2016-10-18 00:00:00.0;0;0;379406421;true;false;false
788378206994886656;762664938653491200;"BirminghamOrtho";"september was the hottest on record making it th of the last months to hold";2016-10-18 00:00:00.0;0;0;1039194449;true;false;false
788379315557703680;787817184449880064;"DCGrimesDeans";"congratulations to th grader jackson bridie our september student of the month for vocal dcgexcellence";2016-10-18 00:00:00.0;0;0;-1253602417;true;false;false
788380039406620672;1414331516;"gaggo_toy";"september was the hottest on record making it th of the last months to hold record says nasa climate";2016-10-18 00:00:00.0;0;0;-199002274;true;false;false
788380748113932288;767901003567943680;"sxmwxru";"september was the hottest on record making it th of the last months to hold that record nasa";2016-10-18 00:00:00.0;0;0;-251309146;true;false;false
788382949834055680;724642509461147649;"Reddit5000";"september was the hottest on record making it th of the last months to hold that record says reddit";2016-10-18 00:00:00.0;0;0;1105183633;true;false;false
788386247702114304;26847104;"MGHuff";"september was the hottest on record making it th of the last months to hold that record says nasa";2016-10-18 00:00:00.0;5;0;-352044748;true;false;false
788387620791484416;259147714;"LeronLFC";"september was the hottest on record making it th of the last months to hold that record says nasa";2016-10-18 00:00:00.0;0;0;-352044748;true;false;false
788393849701830658;1099542679;"USAHEROSALUTE";"hero pattillman left a nfl career after september th to serve his country kia neverforgotten";2016-10-18 00:00:00.0;8;12;-1600669642;true;true;false
788397686357655552;498184278;"BilllyEvans";"september was hottest on record making it the th month in a row to hold that record according to nasa were fucked";2016-10-18 00:00:00.0;0;0;681848115;true;false;false
788400219507478528;2607829404;"itbmeshorty";"hero pattillman left a nfl career after september th to serve his country kia neverforgotten";2016-10-18 00:00:00.0;8;0;-1600669642;true;true;false
788400575067095040;1112326537;"AndyIsNotSoCool";"you should have been in the world trade center on september th";2016-10-18 00:00:00.0;0;1;-2069076507;false;false;false
788402140993744896;14860927;"BCLaraby";"september was the hottest on record making it th of the last months to hold that record says nasa";2016-10-18 00:00:00.0;0;0;-352044748;true;false;false
788405038356000768;1580288454;"offishall_Maak";"september was the warmest on record this also marks the th consecutive month";2016-10-18 00:00:00.0;0;0;501708256;true;false;false
788406595680104448;612797013;"bizzyboneee";"this also marks the th consecutive month of recordbreaking temperatures";2016-10-18 00:00:00.0;0;0;1917080356;true;false;false
788408278103494656;14742504;"Doener";"september was the hottest on record making it th of the last months to hold that record via";2016-10-18 00:00:00.0;1;0;823185161;true;false;false
788409313060532226;17514354;"elephantjournal";"september hottest ever making it th of last months to hold that record ` nasa";2016-10-18 00:00:00.0;0;2;-376149659;true;false;false
788409556682547200;767828541895417856;"hootPatrick";"september was the warmest on record this also marks the th consecutive month of recordbreaking temper";2016-10-18 00:00:00.0;0;0;-1040071676;true;false;false
788409745984086016;780344125522604032;"FethullahiMetin";"commemorating the th anniversary of september th and history of terrorism read more";2016-10-18 00:00:00.0;6;0;90108787;true;true;false
788410230115819520;147922913;"namriWttaM";"september was the hottest on record making it th of the last months to hold that record says nasa •";2016-10-18 00:00:00.0;0;0;987422774;true;false;false
788410850558087168;1037090653;"HOLLISESTES";"september was the warmest on record this also marks the th consecutive month of recordbreaking temperatures";2016-10-18 00:00:00.0;0;0;1113019330;true;false;false
788410875631710209;116155386;"Tukang_Update";"news september was the warmest on record this also marks the th consecutive month of recordbre tu";2016-10-18 00:00:00.0;0;0;-87917677;true;false;false
788410910054359040;337206020;"ERICBARBOSA11";"september was the warmest on record this also marks the th consecutive month of r via";2016-10-18 00:00:00.0;0;0;-892537321;true;false;false
788411012022239232;109611781;"FlorianDoellner";"september was the hottest on record making it th of the last months to hold that record";2016-10-18 00:00:00.0;1;0;-1365753701;true;false;false
788411043370250240;2290568168;"tyonews";"tyonews september was the warmest on record this also marks the th consecutive month of record news";2016-10-18 00:00:00.0;0;0;-1239769738;true;false;false
788411096180809728;2316271860;"Aneuri_Sofoke";"houston september was the warmest on record this also marks the th consecutiv houston";2016-10-18 00:00:00.0;0;0;539657825;true;false;false
788411130121064448;409534195;"AbrahamTavarez";"abrahamlincoln september was the warmest on record this also marks the th consecutive month of reco";2016-10-18 00:00:00.0;0;0;1003232589;true;false;false
788411149268037632;750322197898620928;"1USNews";"usa september was the warmest on record this also marks the th consecutive month of news";2016-10-18 00:00:00.0;0;0;-545796167;true;false;false
788411171804033024;244317966;"neutralnews";"september was the warmest on record this also marks the th consecutive month of";2016-10-18 00:00:00.0;0;0;-95501289;true;false;false
788411299629703168;2514239312;"Adoni_Ev";"yeremiito september was the warmest on record this also marks the th consecutive yeremiito";2016-10-18 00:00:00.0;0;0;-2035043680;true;false;false
788411308064378880;717582870;"kimy_00";"flakoboow september was the warmest on record this also marks the th consecutive month of recordbr";2016-10-18 00:00:00.0;0;0;1480918646;true;false;false
788411343258791940;2316479977;"DIME_JHONCITO";"tuu i yoo september was the warmest on record this also marks the th consecutive month of re";2016-10-18 00:00:00.0;0;0;1832622182;true;false;false
788411592777969668;2364625002;"02MegaDivo";"lmswageer september was the warmest on record this also marks the th consecutive month of r sigueme";2016-10-18 00:00:00.0;0;0;1621315721;true;false;false
788411605834829824;2397018464;"Diime_Flaka05";"rosa september was the warmest on record this also marks the th consecutive month negrito controla";2016-10-18 00:00:00.0;0;0;797973165;true;false;false
788411608271904768;1050412639;"Ivan_BerroaCash";"losdelsonido september was the warmest on record this also marks the th consecutive month of recordbreaking ivanberroa";2016-10-18 00:00:00.0;0;0;-1773528465;true;false;false
788411656464429056;2405600748;"Yondii_matos";"yondii matos september was the warmest on record this also marks the th yondii matos";2016-10-18 00:00:00.0;0;0;1433302506;true;false;false
788411693999222784;738379279;"simplymhoses";"rt september was the warmest on record this also marks the th consecutive month of reco dynamictunez";2016-10-18 00:00:00.0;0;0;1351706909;true;false;false
788411721203404800;993649740;"_Wellingtonx3";"wellingtonhere september was the warmest on record this also marks the th consecutiv wellingtonhere";2016-10-18 00:00:00.0;0;0;1128234875;true;false;false
788411836748095488;4634008947;"topnwsz";"september was the warmest on record this also marks the th consecutive month of record topnews news";2016-10-18 00:00:00.0;0;0;630585393;true;false;false
788411859359498241;4920999862;"wyko_news";"september was the warmest on record this also marks the th consecutive month of recordbre wykonews";2016-10-18 00:00:00.0;0;0;36126398;true;false;false
788412232761606144;702953515337973760;"moisanti3";"september was the warmest on record this also marks the th consecutive month of recordbreaking tempe";2016-10-18 00:00:00.0;0;0;936280622;true;false;false
788566092843192320;16815644;"ABCPolitics";"september was the hottest on record marking the th consecutive month of recordhigh monthly temperatures";2016-10-19 00:00:00.0;26;27;-1621424454;true;false;false
788920611187765248;468646961;"TomiLahren";"";2016-10-20 00:00:00.0;736;1578;0;false;false;false
789019704241360896;3344651409;"nikymarcelli";"ho aggiunto un video a una playlist di th september soundtrack lenas theme";2016-10-20 00:00:00.0;0;0;-1530016510;false;false;false
789023153926180864;1088047436;"PermaculturNews";"eupc september th – th bolsena italy question interviews";2016-10-20 00:00:00.0;0;0;-317941740;false;false;false
789062768691384320;1614497197;"grandpa__al";"i preordered my shit on september th & i just got it days ago";2016-10-20 00:00:00.0;0;0;-408207131;false;false;false
789068846833565698;49479007;"itsmecmcghee";"jesus his birthday is september th not christmas that was dictated by pagan roman catholic church";2016-10-20 00:00:00.0;0;1;1664119994;false;false;false
789070387292299264;619920247;"surebet247";"fifa have released rankings for september is ranked th in africa & th in the world";2016-10-20 00:00:00.0;0;0;942543358;true;false;false
789076723077902336;22226128;"MoreThanAMilSO";"archived september th years later september neverforget military militarylife";2016-10-20 00:00:00.0;0;0;494561257;false;false;false
789083673647837184;708108560106987520;"cosmetic4makeup";"please rt beauty cosmetics makeup community faves september th through september";2016-10-20 00:00:00.0;0;0;1187173862;false;false;false
789085116781953024;51040617;"Architizer";"new yorks latest apple store opens in calatravas oculus";2016-10-20 00:00:00.0;18;27;-1787117041;true;false;false
789087347279269889;705110456;"somelie4love";"hi im waiting on silver since th september sony have confirmed its bungies issue can you help forum and help form doesnt";2016-10-20 00:00:00.0;0;0;-1536486293;false;false;false
789088796000280576;111630386;"DavanCaravans";"the dates have been set for s rallies th – th june & st – rd september call rachel on";2016-10-20 00:00:00.0;0;0;-666213544;false;false;false
789091076846002177;3026491461;"Brigette875A";"this also marks the th consecutive month of recordbreaking temperatures";2016-10-20 00:00:00.0;0;0;1917080356;true;false;false
789100628379332608;701725963;"nowthisnews";"hundreds of people gathered at the world trade center in nyc for a flashmob of meditation";2016-10-20 00:00:00.0;38;64;1810579336;true;false;false
789103225269948418;1907183887;"9explore";"arresting photographs from september th";2016-10-20 00:00:00.0;0;1;-2115049491;false;false;false
789109687467839488;548831386;"ReadTheBrookes";"i can assure you my fellow citizens that i was not involved in the september th attacks";2016-10-20 00:00:00.0;1;1;21666774;true;true;true
789119290221928448;535774159;"dmarazita_";"did you know that september was the th month in a row to be the hottest month on record";2016-10-20 00:00:00.0;0;0;-383566149;false;false;false
789154727095312384;223976521;"WTCProgress";"one world trade center anchors lower manhattan skyline";2016-10-20 00:00:00.0;12;37;1650080909;true;false;false
789612864168267776;4196754560;"jess7719";"they funded attacks on world trade center and armed the most sadistic barbarians in history and hillary is their";2016-10-22 00:00:00.0;10;6;222972341;true;true;true
789710891616989184;2441831348;"oldpicsarchive";"philippe petit tightrope walking between the world trade centers twin towers august";2016-10-22 00:00:00.0;46;82;293695018;true;false;false
789753624662462464;36024393;"brokigpojke";"hmmm you know that obama wasnt in the oval office when those terrorists bombed the world trade center either whats up w that";2016-10-22 00:00:00.0;3;3;1207548375;false;false;false
789784995749593088;42891077;"LizCatherine66";"forgive me but if youre one of those radical psychos that believe allah said it was best to bomb the world trade center in you +";2016-10-22 00:00:00.0;0;0;-876222843;true;true;false
789786179096936449;2997249418;"robot_repeater";"";2016-10-22 00:00:00.0;0;0;0;false;false;false
789786261707952128;312684153;"laiadelvalle";"";2016-10-22 00:00:00.0;0;0;0;false;false;false
789786837774639104;149509528;"vergilreyes";"manila fame the design & lifestyle event world trade";2016-10-22 00:00:00.0;0;0;2088456425;false;false;false
789786856174948352;32222903;"cashcasuela";"so proud of you world trade convention center";2016-10-22 00:00:00.0;0;0;1546620216;false;false;false
789787255648899072;32222903;"cashcasuela";"just posted a photo world trade convention center";2016-10-22 00:00:00.0;0;0;-291381120;false;false;false
789788088918614016;223030177;"carmellaruga";"manila fame october world trade center";2016-10-22 00:00:00.0;0;0;-1005912528;false;false;false
789788223044280320;59112513;"tracydizon";"setting down for thank you world trade center metro manila";2016-10-22 00:00:00.0;0;1;1373229840;false;false;false
789788583871799296;544864187;"bluemotion25";"";2016-10-22 00:00:00.0;0;0;0;false;false;false
789790411955011585;544864187;"bluemotion25";"nyc worldtradecentermemorial world trade center";2016-10-22 00:00:00.0;0;0;-936447564;false;false;false
789792254105882624;47646795;"allyjavier";"";2016-10-22 00:00:00.0;0;0;0;false;false;false
789799779815546880;35499603;"JorseBolo";"just posted a photo comic con express world trade centercuffe parade mumbai";2016-10-22 00:00:00.0;0;0;-369328469;false;false;false
789802422919016449;30210072;"iSeeElla";"vito selmas play of lights and shadows manila fame international world trade center";2016-10-22 00:00:00.0;0;0;-636069963;false;false;false
789803814794760193;62858165;"swimfastest";"oculus this is the train station at groundzero in nyc welldone world trade center";2016-10-22 00:00:00.0;0;3;758316014;true;true;false
789805107860742144;326618352;"INVO";"i want you to look for this on mclelleans site this is the true next world trade";2016-10-22 00:00:00.0;0;0;-789431389;true;false;false
789805832112369664;36927892;"KamilleZulueta";"";2016-10-22 00:00:00.0;0;0;0;false;false;false
789807479248924672;90288212;"kontragapi";"";2016-10-22 00:00:00.0;2;3;0;false;false;false
789822158436532224;43711312;"TorAulin";"you could successfully crash world trade center twin towers";2016-10-22 00:00:00.0;0;0;1682674771;false;false;false
789822271565074432;600196323;"LibraThatsMe";"two homeless men squat in the shadow of the recently completed world trade center in october";2016-10-22 00:00:00.0;0;1;-131309401;true;false;false
789824180430659584;312684153;"laiadelvalle";"";2016-10-22 00:00:00.0;0;0;0;false;false;false
789825094759485440;40443160;"JamesJosephIgoe";"";2016-10-22 00:00:00.0;0;0;0;true;false;false
789825562231447552;71998588;"newyorkcityinfo";"wedding photos found near world trade center belong to german choir singer";2016-10-22 00:00:00.0;0;0;-2072827227;false;false;false
789826018920005632;25725251;"omgitspatlong";"";2016-10-22 00:00:00.0;0;0;0;false;false;false
789826710678233088;1636306296;"juanjo_roca_2";"cause im on top of the world world trade center";2016-10-22 00:00:00.0;0;0;-1096142562;false;false;false
789827856847212544;774028837806043136;"lipsky_olinda";"great turnout for ochs prom last night at the world trade center always good to see everyone in their finest";2016-10-22 00:00:00.0;0;0;222940744;true;false;false
789828531744301056;2375622644;"RealAlanDale";"sun setting behind the new world trade center in nyc in town to play usbpresident in homeland view from";2016-10-22 00:00:00.0;0;0;-686412717;true;false;false
789829178409443328;1533909500;"kylegopez";"collab explore glow ignite world trade convention center";2016-10-22 00:00:00.0;0;0;-370776169;false;false;false
789829494949281792;1533909500;"kylegopez";"world trade convention center";2016-10-22 00:00:00.0;0;0;-1889055334;false;false;false
789830343364907008;1198285495;"iamIronDiamond";"through the fogofwar letfreedomring world trade center memorial nyc";2016-10-22 00:00:00.0;0;0;2023680195;false;false;false
789830529285812224;510629470;"CBPBuffalo";"one world trade center cbp homecoming – story now in frontline magazine";2016-10-22 00:00:00.0;0;0;1008467270;false;false;false
